{
  "void": {
    "n": 12,
    "values": [
      22.5,
      25.8,
      21.2,
      28.3,
      19.5,
      23.8,
      26.5,
      20.2,
      32.5,
      29.8,
      15.2,
      18.5
    ],
    "mean": 23.650000000000002,
    "std": 5.089293574840137,
    "err": 1.469152507709493,
    "observable": "sigma_HI"
  },
  "cluster": {
    "n": 13,
    "values": [
      11.4,
      9.5,
      9.1,
      9.2,
      7.9,
      6.6,
      11.7,
      35.0,
      24.0,
      16.0,
      9.3,
      10.6,
      4.7
    ],
    "mean": 12.692307692307692,
    "std": 8.23725900390633,
    "err": 2.284604592912438,
    "observable": "sigma_v"
  },
  "comparison": {
    "delta": 10.95769230769231,
    "delta_err": 2.7162156094216265,
    "t_stat": 4.03417617868177,
    "p_value": 0.0006383448998157903
  }
}